"address","area_floor._m.sqr","lon","lat","vac","nearestAirport"
"Metsahovintie 113",110,24.3934617,60.2186933,"Building 1","EFHK"
"Otakaari 3",11697,24.8294072,60.1883476,"Building 2","EFHF"
"Konemiehentie 1",469,24.8230383,60.1871456,"Building 3","EFHF"
"Rakentajanaukio 4",8766,24.8303397,60.1869515,"Building 4","EFHF"
"Vuorimiehentie 2",11068,24.8258926,60.1829363,"Building 5","EFHF"
"Otakaari 1",41339,24.8284305,60.1862552,"Building 6","EFHF"
"Puumiehenkuja 3",2661,24.8252523,60.1873999,"Building 7","EFHF"
"Otakaari 4",8206,24.8273992,60.1871039,"Building 8","EFHF"
"Vuorimiehentie 1",6455,24.824686,60.1817941,"Building 9","EFHF"
"Sahkomiehentie 4",7954,24.8258047,60.1890477,"Building 10","EFHF"
"Puumiehenkuja 5",5100,24.8239976,60.1877553,"Building 11","EFHF"
"Otakaari 5",12240,24.8299568,60.1896774,"Building 12","EFHF"
"Otaniementie 9",5868,24.8284572,60.1844887,"Building 13","EFHF"
"Tietotie 1",15467,24.8206126,60.1853951,"Building 14","EFHF"
"Lampomiehenkuja 3",3358,24.8308486,60.1815519,"Building 15","EFHF"
"Betonimiehenkuja 5",3268,24.8316729,60.1810402,"Building 16","EFHF"
"Lampomiehenkuja 2",6967,24.8316469,60.1821528,"Building 17","EFHF"
"Metallimiehenkuja  10",1019,24.8302967,60.1825106,"Building 18","EFHF"
"Betonimiehenkuja 1",2005,24.8318455,60.1799114,"Building 19","EFHF"
"Puumiehenkuja 2",7272,24.8259945,60.1869698,"Building 20","EFHF"
"Tekniikantie 3",3640,24.8249123,60.1805857,"Building 21","EFHF"
"Otakaari 26",1758,24.8307974,60.184773,"Building 22","EFHF"
"Betonimiehenkuja 3",3034,24.8312826,60.180631,"Building 23","EFHF"
"Kemistintie 1",14470,24.8251207,60.183417,"Building 24","EFHF"
"Sahkomiehentie 3",3770,24.8260066,60.1891964,"Building 25","EFHF"
"Konemiehentie 2",12447,24.8226948,60.1872,"Building 26","EFHF"
"Konemiehentie 4",553,24.8224202,60.1875119,"Building 27","EFHF"
"Runeberginkatu 14-16",7380,24.9231409,60.1717819,"Building 28","EFHF"
"Runeberginkatu 22-24",1287,24.9222099,60.1735677,"Building 29","EFHF"
" Arkadiankatu 24",1440,24.9233682,60.1712863,"Building 30","EFHF"
" Otaniementie 17",17383,24.8187888,60.1871298,"Building 31","EFHF"
"Otakaari 7",10029,24.8332421,60.1892077,"Building 32","EFHF"
"Otaniementie 1",23473,24.8340288,60.1814806,"Building 33","EFHF"
