Model,ME,RMSE,MAE,MPE,MAPE
Building 1_5198_1_elect.csv,0.000110498,0.031972152,0.019767487,#NAME?,Inf
Building 2_5199_1_elect.csv,-0.000106398,0.0065282,0.005221811,NaN,Inf
Building 3_5286_1_elect.csv,0.000122643,0.003477314,0.001744247,#NAME?,Inf
Building 5_5290_1_elect.csv,-7.36873E-05,0.003216672,0.002678156,#NAME?,Inf
Building 6_5304_1_elect.csv,-1.32377E-05,0.00043363,0.000254716,NaN,Inf
Building 6_5304_3_elect.csv,0.000124458,0.003358081,0.00272402,#NAME?,Inf
Building 7_5306_1_elect.csv,-7.95712E-05,0.005192482,0.004113372,NaN,Inf
Building 8_5308_1_elect.csv,-3.32637E-05,0.002435656,0.001994553,NaN,Inf
Building 5_5310_1_elect.csv,-6.30034E-05,0.002383896,0.001839656,#NAME?,Inf
Building 10_5311_1_elect.csv,-6.44966E-05,0.003371802,0.002527626,NaN,Inf
Building 11_5313_1_elect.csv,-2.10747E-05,0.006401702,0.00466423,NaN,Inf
Building 12_5314_1_elect.csv,-2.66306E-05,0.007576898,0.006235864,NaN,Inf
Building 13_5316_1_elect.csv,0.000230912,0.004315874,0.002902955,NaN,Inf
Building 14_5317_1_elect.csv,-0.000142702,0.006220769,0.004188223,Inf,Inf
Building 14_5318_1_elect.csv,-3.46187E-05,0.002055802,0.001618638,#NAME?,Inf
Building 15_5322_1_elect.csv,-1.26085E-05,0.001762046,0.001447695,#NAME?,Inf
Building 15_5323_1_elect.csv,2.47207E-05,0.000943781,0.000718547,#NAME?,Inf
Building 16_5325_1_elect.csv,7.92104E-05,0.002982349,0.002390401,NaN,Inf
Building 17_5329_1_elect.csv,-0.000103517,0.004380659,0.003588305,NaN,Inf
Building 18_5332_1_elect.csv,3.16593E-05,0.004466612,0.003634659,NaN,Inf
Building 19_5333_1_elect.csv,1.87015E-05,0.001180029,0.000905281,#NAME?,Inf
Building 20_5335_1_elect.csv,2.18596E-05,0.003745427,0.002892081,NaN,Inf
Building 21_5340_1_elect.csv,-1.55209E-06,0.004146804,0.003285371,NaN,Inf
Building 22_5351_1_elect.csv,-6.65093E-05,0.003134763,0.002101764,NaN,Inf
Building 23_5352_1_elect.csv,-8.6035E-06,0.003511973,0.002796456,NaN,Inf
Building 24_5355_1_elect.csv,-3.11459E-05,0.003252107,0.002634448,NaN,Inf
Building 25_5356_1_elect.csv,-1.15231E-05,0.002518318,0.001999084,NaN,Inf
Building 26_5357_1_elect.csv,-1.88895E-05,0.001783667,0.001440512,#NAME?,Inf
Building 26_5358_1_elect.csv,-2.65894E-05,0.003017893,0.002424293,NaN,Inf
Building 28_28096_1_elect.csv,-3.70837E-05,0.00732187,0.00600777,NaN,Inf
Building 28_28096_4_Dist_Heating.csv,-0.000250841,0.013225873,0.010148844,NaN,Inf
Building 29_28108_3_elect.csv,1.80251E-05,0.01301143,0.009787668,NaN,Inf
Building 30_28161_1_elect.csv,-9.88519E-06,0.006363137,0.005149646,NaN,Inf
Building 30_28162_1_elect.csv,-5.16126E-05,0.004791813,0.003970725,NaN,Inf
Building 29_28168_1_elect.csv,-0.00025978,0.007967402,0.005766923,NaN,Inf
Building 29_28168_4_Dist_Heating.csv,-0.000678845,0.015901499,0.010344581,NaN,Inf
Building 31_30602_1_elect.csv,-5.90777E-05,0.003593436,0.002906185,NaN,Inf
Building 13_75689_1_Dist_Heating.csv,-0.000353677,0.008293815,0.006164027,NaN,Inf
Building 8_75690_1_Dist_Heating.csv,-0.000116007,0.002610185,0.001806327,NaN,Inf
Building 25_75691_1_Dist_Heating.csv,-5.63563E-05,0.004486726,0.003134468,NaN,Inf
Building 5_75692_1_Dist_Heating.csv,-0.000162502,0.002984858,0.002341676,NaN,Inf
Building 17_75693_1_Dist_Heating.csv,-0.000193302,0.003563543,0.002410857,#NAME?,Inf
Building 15_75694_1_Dist_Heating.csv,-0.000128864,0.003801358,0.002866875,NaN,Inf
Building 23_75696_1_Dist_Heating.csv,-0.000355072,0.007984722,0.005878515,NaN,Inf
Building 23_75696_2_Dist_Heating.csv,-2.15009E-06,0.00017332,0.000124744,NaN,Inf
Building 24_75697_1_Dist_Heating.csv,-0.000106845,0.002540687,0.001798806,NaN,Inf
Building 24_75698_1_Dist_Heating.csv,-0.00023501,0.005093535,0.003318086,NaN,Inf
Building 7_75699_1_Dist_Heating.csv,-0.000465089,0.014543728,0.010755511,NaN,Inf
Building 10_75700_1_Dist_Heating.csv,-0.000202469,0.004759654,0.003531271,NaN,Inf
Building 10_75701_1_Dist_Heating.csv,-7.68716E-05,0.002872509,0.002110174,#NAME?,Inf
Building 14_75702_1_Dist_Heating.csv,-5.37164E-05,0.00250134,0.001814397,NaN,Inf
Building 14_75703_1_Dist_Heating.csv,-4.01875E-05,0.000889066,0.000602797,#NAME?,Inf
Building 5_75704_1_Dist_Heating.csv,-0.00031237,0.006007557,0.004589224,NaN,Inf
Building 20_75705_1_Dist_Heating.csv,-0.000177363,0.005991775,0.0041711,NaN,Inf
Building 5_75706_1_Dist_Heating.csv,-0.000161737,0.002893551,0.001985232,#NAME?,Inf
Building 21_75707_1_Dist_Heating.csv,-2.18856E-05,0.005027132,0.003566468,NaN,Inf
Building 6_75708_1_Dist_Heating.csv,-0.000121765,0.002332844,0.001775719,NaN,Inf
Building 6_75709_1_Dist_Heating.csv,-6.22162E-05,0.0014704,0.000995632,#NAME?,Inf
Building 4_75710_1_Dist_Heating.csv,-7.51281E-05,0.003268784,0.002460308,NaN,Inf
Building 4_75711_1_Dist_Heating.csv,-4.30846E-05,0.002613401,0.001916605,NaN,Inf
Building 12_75712_1_Dist_Heating.csv,-0.000269608,0.009695679,0.006637913,#NAME?,Inf
Building 12_75713_1_Dist_Heating.csv,-0.000116401,0.004004123,0.002891032,#NAME?,Inf
Building 4_75714_1_Dist_Heating.csv,-0.000177512,0.003577506,0.00258367,NaN,Inf
Building 4_75715_1_Dist_Heating.csv,-9.31691E-05,0.002706264,0.001834695,NaN,Inf
Building 26_75716_1_Dist_Heating.csv,-2.67817E-05,0.000394833,0.000284528,#NAME?,Inf
Building 26_75717_1_Dist_Heating.csv,3.33318E-05,0.008642849,0.006733694,NaN,Inf
Building 33_75718_1_Dist_Heating.csv,8.19336E-05,0.00379527,0.00276436,NaN,Inf
Building 15_75719_1_Dist_Heating.csv,-6.17966E-05,0.001742816,0.001209877,#NAME?,Inf
Building 18_75720_1_Dist_Heating.csv,-0.000195713,0.004364698,0.003138708,NaN,Inf
Building 16_75721_1_Dist_Heating.csv,-0.000297099,0.007928525,0.0058757,NaN,Inf
Building 26_77662_2_elect.csv,1.14224E-07,0.000123679,9.99232E-05,NaN,Inf
Building 27_81909_1_elect.csv,-3.77257E-05,0.001152318,0.00092556,NaN,Inf
Building 9_82254_1_Dist_Heating.csv,-0.000516632,0.007501093,0.005462678,NaN,Inf
Building 9_83427_1_elect.csv,-7.77507E-05,0.005629477,0.004860653,NaN,Inf
Building 9_84681_1_elect.csv,9.5877E-05,0.004497241,0.003566325,NaN,Inf
